<?xml version="1.0" encoding="UTF-8"?>
<model package="socialhub" baseClass="xPDOObject" platform="mysql" defaultEngine="MyISAM" phpdoc-package="socialhub" version="0.1">

    <object class="SocialHubItem" table="socialhub_items" extends="xPDOSimpleObject">
        <field key="source" dbtype="varchar" precision="50" phptype="string" null="false" default="" />
        <field key="source_id" dbtype="varchar" precision="255" phptype="string" null="false"/>
        <field key="source_type" dbtype="varchar" precision="50" phptype="string" null="false"/>
        <field key="language" dbtype="varchar" precision="50" phptype="string" null="false"/>
        <field key="avatar" dbtype="varchar" precision="255" phptype="string" null="false" default="" />
        <field key="username" dbtype="varchar" precision="255" phptype="string" null="false" default="" />
        <field key="fullname" dbtype="varchar" precision="255" phptype="string" null="false" default="" />
        <field key="content" dbtype="text" phptype="text" null="true" default="" />
        <field key="image" dbtype="varchar" precision="255" phptype="string" null="false" default="" />
        <field key="link" dbtype="varchar" precision="255" phptype="string" null="false" default="" />
        <field key="date" dbtype="timestamp" phptype="timestamp"/>
        <field key="active" dbtype="int" precision="1" phptype="boolean" null="false" default="0" />
        <field key="data" dbtype="text" phptype="json" null="true" default="NULL" />
    </object>

</model>